0,2022-05-01 10:05:13,2022-05-01 05:05:13,96.8699999999984,3700,70,dd40c,1
1,2022-05-01 10:05:14,2022-05-01 05:05:14,96.8599999999984,3700,70,dd40c,1
2,2022-05-01 10:05:15,2022-05-01 05:05:15,96.84999999999839,3700,70,dd40c,1
3,2022-05-01 10:05:16,2022-05-01 05:05:16,96.83999999999838,3700,70,dd40c,1
4,2022-05-01 10:05:17,2022-05-01 05:05:17,96.82999999999838,3700,70,dd40c,1
5,2022-05-01 10:05:18,2022-05-01 05:05:18,96.81999999999837,3700,70,dd40c,1
6,2022-05-01 10:05:19,2022-05-01 05:05:19,96.80999999999837,3700,70,dd40c,1
7,2022-05-01 10:05:20,2022-05-01 05:05:20,96.79999999999836,3700,70,dd40c,1
8,2022-05-01 10:05:21,2022-05-01 05:05:21,96.78999999999836,3700,70,dd40c,1
9,2022-05-01 10:05:22,2022-05-01 05:05:22,96.77999999999835,3700,70,dd40c,1
10,2022-05-01 10:05:23,2022-05-01 05:05:23,96.76999999999835,3700,70,dd40c,1
11,2022-05-01 10:05:24,2022-05-01 05:05:24,96.75999999999834,3700,70,dd40c,1
12,2022-05-01 10:05:25,2022-05-01 05:05:25,96.74999999999834,3700,70,dd40c,1
13,2022-05-01 10:05:26,2022-05-01 05:05:26,96.73999999999833,3700,70,dd40c,1
14,2022-05-01 10:05:27,2022-05-01 05:05:27,96.72999999999833,3700,70,dd40c,1
15,2022-05-01 10:05:28,2022-05-01 05:05:28,96.71999999999832,3700,70,dd40c,1
16,2022-05-01 10:05:29,2022-05-01 05:05:29,96.70999999999832,3700,70,dd40c,1
17,2022-05-01 10:05:30,2022-05-01 05:05:30,96.69999999999831,3700,70,dd40c,1
18,2022-05-01 10:05:31,2022-05-01 05:05:31,96.6899999999983,3700,70,dd40c,1
19,2022-05-01 10:05:32,2022-05-01 05:05:32,96.6799999999983,3700,70,dd40c,1
20,2022-05-01 10:05:33,2022-05-01 05:05:33,96.6699999999983,3700,70,dd40c,1
21,2022-05-01 10:05:34,2022-05-01 05:05:34,96.65999999999829,3700,70,dd40c,1
22,2022-05-01 10:05:35,2022-05-01 05:05:35,96.64999999999829,3700,70,dd40c,1
23,2022-05-01 10:05:36,2022-05-01 05:05:36,96.63999999999828,3700,70,dd40c,1
24,2022-05-01 10:05:37,2022-05-01 05:05:37,96.62999999999828,3700,70,dd40c,1
25,2022-05-01 10:05:38,2022-05-01 05:05:38,96.61999999999827,3700,70,dd40c,1
26,2022-05-01 10:02:24,2022-05-01 05:02:24,98.55999999999926,3700,70,dd40c,1
27,2022-05-01 10:02:25,2022-05-01 05:02:25,98.54999999999926,3700,70,dd40c,1
28,2022-05-01 10:02:26,2022-05-01 05:02:26,98.53999999999925,3700,70,dd40c,1
29,2022-05-01 10:02:27,2022-05-01 05:02:27,98.52999999999925,3700,70,dd40c,1
30,2022-05-01 10:02:28,2022-05-01 05:02:28,98.51999999999924,3700,70,dd40c,1
31,2022-05-01 10:02:29,2022-05-01 05:02:29,98.50999999999924,3700,70,dd40c,1
32,2022-05-01 10:02:30,2022-05-01 05:02:30,98.49999999999923,3700,70,dd40c,1
33,2022-05-01 10:02:31,2022-05-01 05:02:31,98.48999999999923,3700,70,dd40c,1
34,2022-05-01 10:02:32,2022-05-01 05:02:32,98.47999999999922,3700,70,dd40c,1
35,2022-05-01 10:02:33,2022-05-01 05:02:33,98.46999999999922,3700,70,dd40c,1
36,2022-05-01 10:02:34,2022-05-01 05:02:34,98.45999999999921,3700,70,dd40c,1
37,2022-05-01 10:02:35,2022-05-01 05:02:35,98.4499999999992,3700,70,dd40c,1
38,2022-05-01 10:02:36,2022-05-01 05:02:36,98.4399999999992,3700,70,dd40c,1
39,2022-05-01 10:02:37,2022-05-01 05:02:37,98.4299999999992,3700,70,dd40c,1
40,2022-05-01 10:02:38,2022-05-01 05:02:38,98.41999999999919,3700,70,dd40c,1
41,2022-05-01 10:02:39,2022-05-01 05:02:39,98.40999999999919,3700,70,dd40c,1
42,2022-05-01 10:02:40,2022-05-01 05:02:40,98.39999999999918,3700,70,dd40c,1
43,2022-05-01 10:02:41,2022-05-01 05:02:41,98.38999999999918,3700,70,dd40c,1
44,2022-05-01 10:02:42,2022-05-01 05:02:42,98.37999999999917,3700,70,dd40c,1
45,2022-05-01 10:02:43,2022-05-01 05:02:43,98.36999999999917,3700,70,dd40c,1
46,2022-05-01 10:02:44,2022-05-01 05:02:44,98.35999999999916,3700,70,dd40c,1
47,2022-05-01 10:02:45,2022-05-01 05:02:45,98.34999999999916,3700,70,dd40c,1
48,2022-05-01 10:02:46,2022-05-01 05:02:46,98.33999999999915,3700,70,dd40c,1
49,2022-05-01 10:02:47,2022-05-01 05:02:47,98.32999999999915,3700,70,dd40c,1
50,2022-05-01 10:02:48,2022-05-01 05:02:48,98.31999999999914,3700,70,dd40c,1
51,2022-05-01 10:02:49,2022-05-01 05:02:49,98.30999999999914,3700,70,dd40c,1
52,2022-05-01 10:08:02,2022-05-01 05:08:02,95.17999999999753,3700,70,dd40c,1
53,2022-05-01 10:08:03,2022-05-01 05:08:03,95.16999999999753,3700,70,dd40c,1
54,2022-05-01 10:08:04,2022-05-01 05:08:04,95.15999999999752,3700,70,dd40c,1
55,2022-05-01 10:08:05,2022-05-01 05:08:05,95.14999999999752,3700,70,dd40c,1
56,2022-05-01 10:08:06,2022-05-01 05:08:06,95.13999999999751,3700,70,dd40c,1
57,2022-05-01 10:08:07,2022-05-01 05:08:07,95.12999999999751,3700,70,dd40c,1
58,2022-05-01 10:08:08,2022-05-01 05:08:08,95.1199999999975,3700,70,dd40c,1
59,2022-05-01 10:08:09,2022-05-01 05:08:09,95.1099999999975,3700,70,dd40c,1
60,2022-05-01 10:08:10,2022-05-01 05:08:10,95.0999999999975,3700,70,dd40c,1
61,2022-05-01 10:08:11,2022-05-01 05:08:11,95.08999999999749,3700,70,dd40c,1
62,2022-05-01 10:08:12,2022-05-01 05:08:12,95.07999999999748,3700,70,dd40c,1
63,2022-05-01 10:08:13,2022-05-01 05:08:13,95.06999999999748,3700,70,dd40c,1
64,2022-05-01 10:08:14,2022-05-01 05:08:14,95.05999999999747,3700,70,dd40c,1
65,2022-05-01 10:08:15,2022-05-01 05:08:15,95.04999999999747,3700,70,dd40c,1
66,2022-05-01 10:08:16,2022-05-01 05:08:16,95.03999999999746,3700,70,dd40c,1
67,2022-05-01 10:08:17,2022-05-01 05:08:17,95.02999999999746,3700,70,dd40c,1
68,2022-05-01 10:08:18,2022-05-01 05:08:18,95.01999999999745,3700,70,dd40c,1
69,2022-05-01 10:08:19,2022-05-01 05:08:19,95.00999999999745,3700,70,dd40c,1
70,2022-05-01 10:08:20,2022-05-01 05:08:20,94.99999999999744,3700,70,dd40c,1
71,2022-05-01 10:02:11,2022-05-01 05:02:11,98.68999999999933,3700,70,dd40c,1
72,2022-05-01 10:02:12,2022-05-01 05:02:12,98.67999999999932,3700,70,dd40c,1
73,2022-05-01 10:02:13,2022-05-01 05:02:13,98.66999999999932,3700,70,dd40c,1
74,2022-05-01 10:02:14,2022-05-01 05:02:14,98.65999999999931,3700,70,dd40c,1
75,2022-05-01 10:02:15,2022-05-01 05:02:15,98.64999999999931,3700,70,dd40c,1
76,2022-05-01 10:02:16,2022-05-01 05:02:16,98.6399999999993,3700,70,dd40c,1
77,2022-05-01 10:02:17,2022-05-01 05:02:17,98.6299999999993,3700,70,dd40c,1
78,2022-05-01 10:02:18,2022-05-01 05:02:18,98.6199999999993,3700,70,dd40c,1
79,2022-05-01 10:02:19,2022-05-01 05:02:19,98.60999999999929,3700,70,dd40c,1
80,2022-05-01 10:02:20,2022-05-01 05:02:20,98.59999999999928,3700,70,dd40c,1
81,2022-05-01 10:02:21,2022-05-01 05:02:21,98.58999999999928,3700,70,dd40c,1
82,2022-05-01 10:02:22,2022-05-01 05:02:22,98.57999999999927,3700,70,dd40c,1
83,2022-05-01 10:02:23,2022-05-01 05:02:23,98.56999999999927,3700,70,dd40c,1
84,2022-05-01 10:04:47,2022-05-01 05:04:47,97.12999999999853,3700,70,dd40c,1
85,2022-05-01 10:04:48,2022-05-01 05:04:48,97.11999999999853,3700,70,dd40c,1
86,2022-05-01 10:04:49,2022-05-01 05:04:49,97.10999999999852,3700,70,dd40c,1
87,2022-05-01 10:04:50,2022-05-01 05:04:50,97.09999999999852,3700,70,dd40c,1
88,2022-05-01 10:04:51,2022-05-01 05:04:51,97.08999999999851,3700,70,dd40c,1
89,2022-05-01 10:04:52,2022-05-01 05:04:52,97.0799999999985,3700,70,dd40c,1
90,2022-05-01 10:04:53,2022-05-01 05:04:53,97.0699999999985,3700,70,dd40c,1
91,2022-05-01 10:04:54,2022-05-01 05:04:54,97.0599999999985,3700,70,dd40c,1
92,2022-05-01 10:04:55,2022-05-01 05:04:55,97.04999999999849,3700,70,dd40c,1
93,2022-05-01 10:04:56,2022-05-01 05:04:56,97.03999999999849,3700,70,dd40c,1
94,2022-05-01 10:04:57,2022-05-01 05:04:57,97.02999999999848,3700,70,dd40c,1
95,2022-05-01 10:04:58,2022-05-01 05:04:58,97.01999999999848,3700,70,dd40c,1
96,2022-05-01 10:04:59,2022-05-01 05:04:59,97.00999999999847,3700,70,dd40c,1
97,2022-05-01 10:04:34,2022-05-01 05:04:34,97.2599999999986,3700,70,dd40c,1
98,2022-05-01 10:04:35,2022-05-01 05:04:35,97.2499999999986,3700,70,dd40c,1
99,2022-05-01 10:04:36,2022-05-01 05:04:36,97.23999999999859,3700,70,dd40c,1
100,2022-05-01 10:04:37,2022-05-01 05:04:37,97.22999999999858,3700,70,dd40c,1
101,2022-05-01 10:04:38,2022-05-01 05:04:38,97.21999999999858,3700,70,dd40c,1
102,2022-05-01 10:04:39,2022-05-01 05:04:39,97.20999999999857,3700,70,dd40c,1
103,2022-05-01 10:04:40,2022-05-01 05:04:40,97.19999999999857,3700,70,dd40c,1
104,2022-05-01 10:04:41,2022-05-01 05:04:41,97.18999999999856,3700,70,dd40c,1
105,2022-05-01 10:04:42,2022-05-01 05:04:42,97.17999999999856,3700,70,dd40c,1
106,2022-05-01 10:04:43,2022-05-01 05:04:43,97.16999999999855,3700,70,dd40c,1
107,2022-05-01 10:04:44,2022-05-01 05:04:44,97.15999999999855,3700,70,dd40c,1
108,2022-05-01 10:04:45,2022-05-01 05:04:45,97.14999999999854,3700,70,dd40c,1
109,2022-05-01 10:04:46,2022-05-01 05:04:46,97.13999999999854,3700,70,dd40c,1
110,2022-05-01 10:06:18,2022-05-01 05:06:18,96.21999999999807,3700,70,dd40c,1
111,2022-05-01 10:06:19,2022-05-01 05:06:19,96.20999999999806,3700,70,dd40c,1
112,2022-05-01 10:06:20,2022-05-01 05:06:20,96.19999999999806,3700,70,dd40c,1
113,2022-05-01 10:06:21,2022-05-01 05:06:21,96.18999999999805,3700,70,dd40c,1
114,2022-05-01 10:06:22,2022-05-01 05:06:22,96.17999999999805,3700,70,dd40c,1
115,2022-05-01 10:06:23,2022-05-01 05:06:23,96.16999999999804,3700,70,dd40c,1
116,2022-05-01 10:06:24,2022-05-01 05:06:24,96.15999999999804,3700,70,dd40c,1
117,2022-05-01 10:06:25,2022-05-01 05:06:25,96.14999999999803,3700,70,dd40c,1
118,2022-05-01 10:06:26,2022-05-01 05:06:26,96.13999999999803,3700,70,dd40c,1
119,2022-05-01 10:06:27,2022-05-01 05:06:27,96.12999999999802,3700,70,dd40c,1
120,2022-05-01 10:06:28,2022-05-01 05:06:28,96.11999999999802,3700,70,dd40c,1
121,2022-05-01 10:06:29,2022-05-01 05:06:29,96.10999999999801,3700,70,dd40c,1
122,2022-05-01 10:06:30,2022-05-01 05:06:30,96.099999999998,3700,70,dd40c,1
123,2022-05-01 10:05:52,2022-05-01 05:05:52,96.4799999999982,3700,70,dd40c,1
124,2022-05-01 10:05:53,2022-05-01 05:05:53,96.4699999999982,3700,70,dd40c,1
125,2022-05-01 10:05:54,2022-05-01 05:05:54,96.45999999999819,3700,70,dd40c,1
126,2022-05-01 10:05:55,2022-05-01 05:05:55,96.44999999999818,3700,70,dd40c,1
127,2022-05-01 10:05:56,2022-05-01 05:05:56,96.43999999999818,3700,70,dd40c,1
128,2022-05-01 10:05:57,2022-05-01 05:05:57,96.42999999999817,3700,70,dd40c,1
129,2022-05-01 10:05:58,2022-05-01 05:05:58,96.41999999999817,3700,70,dd40c,1
130,2022-05-01 10:05:59,2022-05-01 05:05:59,96.40999999999816,3700,70,dd40c,1
131,2022-05-01 10:06:00,2022-05-01 05:06:00,96.39999999999816,3700,70,dd40c,1
132,2022-05-01 10:06:01,2022-05-01 05:06:01,96.38999999999815,3700,70,dd40c,1
133,2022-05-01 10:06:02,2022-05-01 05:06:02,96.37999999999815,3700,70,dd40c,1
134,2022-05-01 10:06:03,2022-05-01 05:06:03,96.36999999999814,3700,70,dd40c,1
135,2022-05-01 10:06:04,2022-05-01 05:06:04,96.35999999999814,3700,70,dd40c,1
136,2022-05-01 10:06:44,2022-05-01 05:06:44,95.95999999999793,3700,70,dd40c,1
137,2022-05-01 10:06:45,2022-05-01 05:06:45,95.94999999999793,3700,70,dd40c,1
138,2022-05-01 10:06:46,2022-05-01 05:06:46,95.93999999999792,3700,70,dd40c,1
139,2022-05-01 10:06:47,2022-05-01 05:06:47,95.92999999999792,3700,70,dd40c,1
140,2022-05-01 10:06:48,2022-05-01 05:06:48,95.91999999999791,3700,70,dd40c,1
141,2022-05-01 10:06:49,2022-05-01 05:06:49,95.90999999999791,3700,70,dd40c,1
142,2022-05-01 10:06:50,2022-05-01 05:06:50,95.8999999999979,3700,70,dd40c,1
143,2022-05-01 10:06:51,2022-05-01 05:06:51,95.8899999999979,3700,70,dd40c,1
144,2022-05-01 10:06:52,2022-05-01 05:06:52,95.87999999999789,3700,70,dd40c,1
145,2022-05-01 10:06:53,2022-05-01 05:06:53,95.86999999999789,3700,70,dd40c,1
146,2022-05-01 10:06:54,2022-05-01 05:06:54,95.85999999999788,3700,70,dd40c,1
147,2022-05-01 10:06:55,2022-05-01 05:06:55,95.84999999999788,3700,70,dd40c,1
148,2022-05-01 10:06:56,2022-05-01 05:06:56,95.83999999999787,3700,70,dd40c,1
149,2022-05-01 10:05:39,2022-05-01 05:05:39,96.60999999999827,3700,70,dd40c,1
150,2022-05-01 10:05:40,2022-05-01 05:05:40,96.59999999999826,3700,70,dd40c,1
151,2022-05-01 10:05:41,2022-05-01 05:05:41,96.58999999999826,3700,70,dd40c,1
152,2022-05-01 10:05:42,2022-05-01 05:05:42,96.57999999999825,3700,70,dd40c,1
153,2022-05-01 10:05:43,2022-05-01 05:05:43,96.56999999999825,3700,70,dd40c,1
154,2022-05-01 10:05:44,2022-05-01 05:05:44,96.55999999999824,3700,70,dd40c,1
155,2022-05-01 10:05:45,2022-05-01 05:05:45,96.54999999999824,3700,70,dd40c,1
156,2022-05-01 10:05:46,2022-05-01 05:05:46,96.53999999999823,3700,70,dd40c,1
157,2022-05-01 10:05:47,2022-05-01 05:05:47,96.52999999999822,3700,70,dd40c,1
158,2022-05-01 10:05:48,2022-05-01 05:05:48,96.51999999999822,3700,70,dd40c,1
159,2022-05-01 10:05:49,2022-05-01 05:05:49,96.50999999999821,3700,70,dd40c,1
160,2022-05-01 10:05:50,2022-05-01 05:05:50,96.49999999999821,3700,70,dd40c,1
161,2022-05-01 10:05:51,2022-05-01 05:05:51,96.4899999999982,3700,70,dd40c,1
162,2022-05-01 10:03:03,2022-05-01 05:03:03,98.16999999999906,3700,70,dd40c,1
163,2022-05-01 10:03:04,2022-05-01 05:03:04,98.15999999999906,3700,70,dd40c,1
164,2022-05-01 10:03:05,2022-05-01 05:03:05,98.14999999999905,3700,70,dd40c,1
165,2022-05-01 10:03:06,2022-05-01 05:03:06,98.13999999999905,3700,70,dd40c,1
166,2022-05-01 10:03:07,2022-05-01 05:03:07,98.12999999999904,3700,70,dd40c,1
167,2022-05-01 10:03:08,2022-05-01 05:03:08,98.11999999999904,3700,70,dd40c,1
168,2022-05-01 10:03:09,2022-05-01 05:03:09,98.10999999999903,3700,70,dd40c,1
169,2022-05-01 10:03:10,2022-05-01 05:03:10,98.09999999999903,3700,70,dd40c,1
170,2022-05-01 10:03:11,2022-05-01 05:03:11,98.08999999999902,3700,70,dd40c,1
171,2022-05-01 10:03:12,2022-05-01 05:03:12,98.07999999999902,3700,70,dd40c,1
172,2022-05-01 10:03:13,2022-05-01 05:03:13,98.06999999999901,3700,70,dd40c,1
173,2022-05-01 10:03:14,2022-05-01 05:03:14,98.05999999999901,3700,70,dd40c,1
174,2022-05-01 10:03:15,2022-05-01 05:03:15,98.049999999999,3700,70,dd40c,1
175,2022-05-01 10:05:00,2022-05-01 05:05:00,96.99999999999847,3700,70,dd40c,1
176,2022-05-01 10:05:01,2022-05-01 05:05:01,96.98999999999846,3700,70,dd40c,1
177,2022-05-01 10:05:02,2022-05-01 05:05:02,96.97999999999845,3700,70,dd40c,1
178,2022-05-01 10:05:03,2022-05-01 05:05:03,96.96999999999845,3700,70,dd40c,1
179,2022-05-01 10:05:04,2022-05-01 05:05:04,96.95999999999844,3700,70,dd40c,1
180,2022-05-01 10:05:05,2022-05-01 05:05:05,96.94999999999844,3700,70,dd40c,1
181,2022-05-01 10:05:06,2022-05-01 05:05:06,96.93999999999843,3700,70,dd40c,1
182,2022-05-01 10:05:07,2022-05-01 05:05:07,96.92999999999843,3700,70,dd40c,1
183,2022-05-01 10:05:08,2022-05-01 05:05:08,96.91999999999842,3700,70,dd40c,1
184,2022-05-01 10:05:09,2022-05-01 05:05:09,96.90999999999842,3700,70,dd40c,1
185,2022-05-01 10:05:10,2022-05-01 05:05:10,96.89999999999841,3700,70,dd40c,1
186,2022-05-01 10:05:11,2022-05-01 05:05:11,96.88999999999841,3700,70,dd40c,1
187,2022-05-01 10:05:12,2022-05-01 05:05:12,96.8799999999984,3700,70,dd40c,1
188,2022-05-01 10:06:05,2022-05-01 05:06:05,96.34999999999813,3700,70,dd40c,1
189,2022-05-01 10:06:06,2022-05-01 05:06:06,96.33999999999813,3700,70,dd40c,1
190,2022-05-01 10:06:07,2022-05-01 05:06:07,96.32999999999812,3700,70,dd40c,1
191,2022-05-01 10:06:08,2022-05-01 05:06:08,96.31999999999812,3700,70,dd40c,1
192,2022-05-01 10:06:09,2022-05-01 05:06:09,96.30999999999811,3700,70,dd40c,1
193,2022-05-01 10:06:10,2022-05-01 05:06:10,96.29999999999811,3700,70,dd40c,1
194,2022-05-01 10:06:11,2022-05-01 05:06:11,96.2899999999981,3700,70,dd40c,1
195,2022-05-01 10:06:12,2022-05-01 05:06:12,96.2799999999981,3700,70,dd40c,1
196,2022-05-01 10:06:13,2022-05-01 05:06:13,96.26999999999809,3700,70,dd40c,1
197,2022-05-01 10:06:14,2022-05-01 05:06:14,96.25999999999809,3700,70,dd40c,1
198,2022-05-01 10:06:15,2022-05-01 05:06:15,96.24999999999808,3700,70,dd40c,1
199,2022-05-01 10:06:16,2022-05-01 05:06:16,96.23999999999808,3700,70,dd40c,1
200,2022-05-01 10:06:17,2022-05-01 05:06:17,96.22999999999807,3700,70,dd40c,1
201,2022-05-01 10:00:40,2022-05-01 05:00:40,99.5999999999998,3700,70,dd40c,1
202,2022-05-01 10:00:41,2022-05-01 05:00:41,99.58999999999979,3700,70,dd40c,1
203,2022-05-01 10:00:42,2022-05-01 05:00:42,99.57999999999979,3700,70,dd40c,1
204,2022-05-01 10:00:43,2022-05-01 05:00:43,99.56999999999978,3700,70,dd40c,1
205,2022-05-01 10:00:44,2022-05-01 05:00:44,99.55999999999977,3700,70,dd40c,1
206,2022-05-01 10:00:45,2022-05-01 05:00:45,99.54999999999977,3700,70,dd40c,1
207,2022-05-01 10:00:46,2022-05-01 05:00:46,99.53999999999976,3700,70,dd40c,1
208,2022-05-01 10:00:47,2022-05-01 05:00:47,99.52999999999976,3700,70,dd40c,1
209,2022-05-01 10:00:48,2022-05-01 05:00:48,99.51999999999975,3700,70,dd40c,1
210,2022-05-01 10:00:49,2022-05-01 05:00:49,99.50999999999975,3700,70,dd40c,1
211,2022-05-01 10:00:50,2022-05-01 05:00:50,99.49999999999974,3700,70,dd40c,1
212,2022-05-01 10:00:51,2022-05-01 05:00:51,99.48999999999974,3700,70,dd40c,1
213,2022-05-01 10:00:52,2022-05-01 05:00:52,99.47999999999973,3700,70,dd40c,1
214,2022-05-01 10:03:16,2022-05-01 05:03:16,98.039999999999,3700,70,dd40c,1
215,2022-05-01 10:03:17,2022-05-01 05:03:17,98.02999999999899,3700,70,dd40c,1
216,2022-05-01 10:03:18,2022-05-01 05:03:18,98.01999999999899,3700,70,dd40c,1
217,2022-05-01 10:03:19,2022-05-01 05:03:19,98.00999999999898,3700,70,dd40c,1
218,2022-05-01 10:03:20,2022-05-01 05:03:20,97.99999999999898,3700,70,dd40c,1
219,2022-05-01 10:03:21,2022-05-01 05:03:21,97.98999999999897,3700,70,dd40c,1
220,2022-05-01 10:03:22,2022-05-01 05:03:22,97.97999999999897,3700,70,dd40c,1
221,2022-05-01 10:03:23,2022-05-01 05:03:23,97.96999999999896,3700,70,dd40c,1
222,2022-05-01 10:03:24,2022-05-01 05:03:24,97.95999999999896,3700,70,dd40c,1
223,2022-05-01 10:03:25,2022-05-01 05:03:25,97.94999999999895,3700,70,dd40c,1
224,2022-05-01 10:03:26,2022-05-01 05:03:26,97.93999999999895,3700,70,dd40c,1
225,2022-05-01 10:03:27,2022-05-01 05:03:27,97.92999999999894,3700,70,dd40c,1
226,2022-05-01 10:03:28,2022-05-01 05:03:28,97.91999999999894,3700,70,dd40c,1
227,2022-05-01 10:03:29,2022-05-01 05:03:29,97.90999999999893,3700,70,dd40c,1
228,2022-05-01 10:03:30,2022-05-01 05:03:30,97.89999999999893,3700,70,dd40c,1
229,2022-05-01 10:03:31,2022-05-01 05:03:31,97.88999999999892,3700,70,dd40c,1
230,2022-05-01 10:03:32,2022-05-01 05:03:32,97.87999999999892,3700,70,dd40c,1
231,2022-05-01 10:03:33,2022-05-01 05:03:33,97.86999999999891,3700,70,dd40c,1
232,2022-05-01 10:03:34,2022-05-01 05:03:34,97.8599999999989,3700,70,dd40c,1
233,2022-05-01 10:03:35,2022-05-01 05:03:35,97.8499999999989,3700,70,dd40c,1
234,2022-05-01 10:03:36,2022-05-01 05:03:36,97.8399999999989,3700,70,dd40c,1
235,2022-05-01 10:03:37,2022-05-01 05:03:37,97.82999999999889,3700,70,dd40c,1
236,2022-05-01 10:03:38,2022-05-01 05:03:38,97.81999999999888,3700,70,dd40c,1
237,2022-05-01 10:03:39,2022-05-01 05:03:39,97.80999999999888,3700,70,dd40c,1
238,2022-05-01 10:03:40,2022-05-01 05:03:40,97.79999999999887,3700,70,dd40c,1
239,2022-05-01 10:03:41,2022-05-01 05:03:41,97.78999999999887,3700,70,dd40c,1
240,2022-05-01 10:04:21,2022-05-01 05:04:21,97.38999999999866,3700,70,dd40c,1
241,2022-05-01 10:04:22,2022-05-01 05:04:22,97.37999999999866,3700,70,dd40c,1
242,2022-05-01 10:04:23,2022-05-01 05:04:23,97.36999999999865,3700,70,dd40c,1
243,2022-05-01 10:04:24,2022-05-01 05:04:24,97.35999999999865,3700,70,dd40c,1
244,2022-05-01 10:04:25,2022-05-01 05:04:25,97.34999999999864,3700,70,dd40c,1
245,2022-05-01 10:04:26,2022-05-01 05:04:26,97.33999999999864,3700,70,dd40c,1
246,2022-05-01 10:04:27,2022-05-01 05:04:27,97.32999999999863,3700,70,dd40c,1
247,2022-05-01 10:04:28,2022-05-01 05:04:28,97.31999999999863,3700,70,dd40c,1
248,2022-05-01 10:04:29,2022-05-01 05:04:29,97.30999999999862,3700,70,dd40c,1
249,2022-05-01 10:04:30,2022-05-01 05:04:30,97.29999999999862,3700,70,dd40c,1
250,2022-05-01 10:04:31,2022-05-01 05:04:31,97.28999999999861,3700,70,dd40c,1
251,2022-05-01 10:04:32,2022-05-01 05:04:32,97.27999999999861,3700,70,dd40c,1
252,2022-05-01 10:04:33,2022-05-01 05:04:33,97.2699999999986,3700,70,dd40c,1
253,2022-05-01 10:06:31,2022-05-01 05:06:31,96.089999999998,3700,70,dd40c,1
254,2022-05-01 10:06:32,2022-05-01 05:06:32,96.079999999998,3700,70,dd40c,1
255,2022-05-01 10:06:33,2022-05-01 05:06:33,96.06999999999799,3700,70,dd40c,1
256,2022-05-01 10:06:34,2022-05-01 05:06:34,96.05999999999798,3700,70,dd40c,1
257,2022-05-01 10:06:35,2022-05-01 05:06:35,96.04999999999798,3700,70,dd40c,1
258,2022-05-01 10:06:36,2022-05-01 05:06:36,96.03999999999797,3700,70,dd40c,1
259,2022-05-01 10:06:37,2022-05-01 05:06:37,96.02999999999797,3700,70,dd40c,1
260,2022-05-01 10:06:38,2022-05-01 05:06:38,96.01999999999796,3700,70,dd40c,1
261,2022-05-01 10:06:39,2022-05-01 05:06:39,96.00999999999796,3700,70,dd40c,1
262,2022-05-01 10:06:40,2022-05-01 05:06:40,95.99999999999795,3700,70,dd40c,1
263,2022-05-01 10:06:41,2022-05-01 05:06:41,95.98999999999795,3700,70,dd40c,1
264,2022-05-01 10:06:42,2022-05-01 05:06:42,95.97999999999794,3700,70,dd40c,1
265,2022-05-01 10:06:43,2022-05-01 05:06:43,95.96999999999794,3700,70,dd40c,1
266,2022-05-01 10:04:08,2022-05-01 05:04:08,97.51999999999873,3700,70,dd40c,1
267,2022-05-01 10:04:09,2022-05-01 05:04:09,97.50999999999873,3700,70,dd40c,1
268,2022-05-01 10:04:10,2022-05-01 05:04:10,97.49999999999872,3700,70,dd40c,1
269,2022-05-01 10:04:11,2022-05-01 05:04:11,97.48999999999872,3700,70,dd40c,1
270,2022-05-01 10:04:12,2022-05-01 05:04:12,97.47999999999871,3700,70,dd40c,1
271,2022-05-01 10:04:13,2022-05-01 05:04:13,97.4699999999987,3700,70,dd40c,1
272,2022-05-01 10:04:14,2022-05-01 05:04:14,97.4599999999987,3700,70,dd40c,1
273,2022-05-01 10:04:15,2022-05-01 05:04:15,97.4499999999987,3700,70,dd40c,1
274,2022-05-01 10:04:16,2022-05-01 05:04:16,97.43999999999869,3700,70,dd40c,1
275,2022-05-01 10:04:17,2022-05-01 05:04:17,97.42999999999869,3700,70,dd40c,1
276,2022-05-01 10:04:18,2022-05-01 05:04:18,97.41999999999868,3700,70,dd40c,1
277,2022-05-01 10:04:19,2022-05-01 05:04:19,97.40999999999867,3700,70,dd40c,1
278,2022-05-01 10:04:20,2022-05-01 05:04:20,97.39999999999867,3700,70,dd40c,1
279,2022-05-01 10:03:55,2022-05-01 05:03:55,97.6499999999988,3700,70,dd40c,1
280,2022-05-01 10:03:56,2022-05-01 05:03:56,97.63999999999879,3700,70,dd40c,1
281,2022-05-01 10:03:57,2022-05-01 05:03:57,97.62999999999879,3700,70,dd40c,1
282,2022-05-01 10:03:58,2022-05-01 05:03:58,97.61999999999878,3700,70,dd40c,1
283,2022-05-01 10:03:59,2022-05-01 05:03:59,97.60999999999878,3700,70,dd40c,1
284,2022-05-01 10:04:00,2022-05-01 05:04:00,97.59999999999877,3700,70,dd40c,1
285,2022-05-01 10:04:01,2022-05-01 05:04:01,97.58999999999877,3700,70,dd40c,1
286,2022-05-01 10:04:02,2022-05-01 05:04:02,97.57999999999876,3700,70,dd40c,1
287,2022-05-01 10:04:03,2022-05-01 05:04:03,97.56999999999876,3700,70,dd40c,1
288,2022-05-01 10:04:04,2022-05-01 05:04:04,97.55999999999875,3700,70,dd40c,1
289,2022-05-01 10:04:05,2022-05-01 05:04:05,97.54999999999875,3700,70,dd40c,1
290,2022-05-01 10:04:06,2022-05-01 05:04:06,97.53999999999874,3700,70,dd40c,1
291,2022-05-01 10:04:07,2022-05-01 05:04:07,97.52999999999874,3700,70,dd40c,1
292,2022-05-01 10:02:50,2022-05-01 05:02:50,98.29999999999913,3700,70,dd40c,1
293,2022-05-01 10:02:51,2022-05-01 05:02:51,98.28999999999913,3700,70,dd40c,1
294,2022-05-01 10:02:52,2022-05-01 05:02:52,98.27999999999912,3700,70,dd40c,1
295,2022-05-01 10:02:53,2022-05-01 05:02:53,98.26999999999911,3700,70,dd40c,1
296,2022-05-01 10:02:54,2022-05-01 05:02:54,98.25999999999911,3700,70,dd40c,1
297,2022-05-01 10:02:55,2022-05-01 05:02:55,98.2499999999991,3700,70,dd40c,1
298,2022-05-01 10:02:56,2022-05-01 05:02:56,98.2399999999991,3700,70,dd40c,1
299,2022-05-01 10:02:57,2022-05-01 05:02:57,98.2299999999991,3700,70,dd40c,1
300,2022-05-01 10:02:58,2022-05-01 05:02:58,98.21999999999909,3700,70,dd40c,1
301,2022-05-01 10:02:59,2022-05-01 05:02:59,98.20999999999908,3700,70,dd40c,1
302,2022-05-01 10:03:00,2022-05-01 05:03:00,98.19999999999908,3700,70,dd40c,1
303,2022-05-01 10:03:01,2022-05-01 05:03:01,98.18999999999907,3700,70,dd40c,1
304,2022-05-01 10:03:02,2022-05-01 05:03:02,98.17999999999907,3700,70,dd40c,1
305,2022-05-01 10:03:42,2022-05-01 05:03:42,97.77999999999886,3700,70,dd40c,1
306,2022-05-01 10:03:43,2022-05-01 05:03:43,97.76999999999886,3700,70,dd40c,1
307,2022-05-01 10:03:44,2022-05-01 05:03:44,97.75999999999885,3700,70,dd40c,1
308,2022-05-01 10:03:45,2022-05-01 05:03:45,97.74999999999885,3700,70,dd40c,1
309,2022-05-01 10:03:46,2022-05-01 05:03:46,97.73999999999884,3700,70,dd40c,1
310,2022-05-01 10:03:47,2022-05-01 05:03:47,97.72999999999884,3700,70,dd40c,1
311,2022-05-01 10:03:48,2022-05-01 05:03:48,97.71999999999883,3700,70,dd40c,1
312,2022-05-01 10:03:49,2022-05-01 05:03:49,97.70999999999883,3700,70,dd40c,1
313,2022-05-01 10:03:50,2022-05-01 05:03:50,97.69999999999882,3700,70,dd40c,1
314,2022-05-01 10:03:51,2022-05-01 05:03:51,97.68999999999882,3700,70,dd40c,1
315,2022-05-01 10:03:52,2022-05-01 05:03:52,97.67999999999881,3700,70,dd40c,1
316,2022-05-01 10:03:53,2022-05-01 05:03:53,97.66999999999881,3700,70,dd40c,1
317,2022-05-01 10:03:54,2022-05-01 05:03:54,97.6599999999988,3700,70,dd40c,1
318,2022-05-01 10:01:06,2022-05-01 05:01:06,99.33999999999966,3700,70,dd40c,1
319,2022-05-01 10:01:07,2022-05-01 05:01:07,99.32999999999966,3700,70,dd40c,1
320,2022-05-01 10:01:08,2022-05-01 05:01:08,99.31999999999965,3700,70,dd40c,1
321,2022-05-01 10:01:09,2022-05-01 05:01:09,99.30999999999965,3700,70,dd40c,1
322,2022-05-01 10:01:10,2022-05-01 05:01:10,99.29999999999964,3700,70,dd40c,1
323,2022-05-01 10:01:11,2022-05-01 05:01:11,99.28999999999964,3700,70,dd40c,1
324,2022-05-01 10:01:12,2022-05-01 05:01:12,99.27999999999963,3700,70,dd40c,1
325,2022-05-01 10:01:13,2022-05-01 05:01:13,99.26999999999963,3700,70,dd40c,1
326,2022-05-01 10:01:14,2022-05-01 05:01:14,99.25999999999962,3700,70,dd40c,1
327,2022-05-01 10:01:15,2022-05-01 05:01:15,99.24999999999962,3700,70,dd40c,1
328,2022-05-01 10:01:16,2022-05-01 05:01:16,99.23999999999961,3700,70,dd40c,1
329,2022-05-01 10:01:17,2022-05-01 05:01:17,99.2299999999996,3700,70,dd40c,1
330,2022-05-01 10:01:18,2022-05-01 05:01:18,99.2199999999996,3700,70,dd40c,1
331,2022-05-01 10:06:57,2022-05-01 05:06:57,95.82999999999787,3700,70,dd40c,1
332,2022-05-01 10:06:58,2022-05-01 05:06:58,95.81999999999786,3700,70,dd40c,1
333,2022-05-01 10:06:59,2022-05-01 05:06:59,95.80999999999786,3700,70,dd40c,1
334,2022-05-01 10:07:00,2022-05-01 05:07:00,95.79999999999785,3700,70,dd40c,1
335,2022-05-01 10:07:01,2022-05-01 05:07:01,95.78999999999785,3700,70,dd40c,1
336,2022-05-01 10:07:02,2022-05-01 05:07:02,95.77999999999784,3700,70,dd40c,1
337,2022-05-01 10:07:03,2022-05-01 05:07:03,95.76999999999784,3700,70,dd40c,1
338,2022-05-01 10:07:04,2022-05-01 05:07:04,95.75999999999783,3700,70,dd40c,1
339,2022-05-01 10:07:05,2022-05-01 05:07:05,95.74999999999783,3700,70,dd40c,1
340,2022-05-01 10:07:06,2022-05-01 05:07:06,95.73999999999782,3700,70,dd40c,1
341,2022-05-01 10:07:07,2022-05-01 05:07:07,95.72999999999782,3700,70,dd40c,1
342,2022-05-01 10:07:08,2022-05-01 05:07:08,95.71999999999781,3700,70,dd40c,1
343,2022-05-01 10:07:09,2022-05-01 05:07:09,95.7099999999978,3700,70,dd40c,1
344,2022-05-01 10:07:23,2022-05-01 05:07:23,95.56999999999773,3700,70,dd40c,1
345,2022-05-01 10:07:24,2022-05-01 05:07:24,95.55999999999773,3700,70,dd40c,1
346,2022-05-01 10:07:25,2022-05-01 05:07:25,95.54999999999772,3700,70,dd40c,1
347,2022-05-01 10:07:26,2022-05-01 05:07:26,95.53999999999772,3700,70,dd40c,1
348,2022-05-01 10:07:27,2022-05-01 05:07:27,95.52999999999771,3700,70,dd40c,1
349,2022-05-01 10:07:28,2022-05-01 05:07:28,95.51999999999771,3700,70,dd40c,1
350,2022-05-01 10:07:29,2022-05-01 05:07:29,95.5099999999977,3700,70,dd40c,1
351,2022-05-01 10:07:30,2022-05-01 05:07:30,95.4999999999977,3700,70,dd40c,1
352,2022-05-01 10:07:31,2022-05-01 05:07:31,95.48999999999769,3700,70,dd40c,1
353,2022-05-01 10:07:32,2022-05-01 05:07:32,95.47999999999769,3700,70,dd40c,1
354,2022-05-01 10:07:33,2022-05-01 05:07:33,95.46999999999768,3700,70,dd40c,1
355,2022-05-01 10:07:34,2022-05-01 05:07:34,95.45999999999768,3700,70,dd40c,1
356,2022-05-01 10:07:35,2022-05-01 05:07:35,95.44999999999767,3700,70,dd40c,1
357,2022-05-01 10:01:19,2022-05-01 05:01:19,99.2099999999996,3700,70,dd40c,1
358,2022-05-01 10:01:20,2022-05-01 05:01:20,99.19999999999959,3700,70,dd40c,1
359,2022-05-01 10:01:21,2022-05-01 05:01:21,99.18999999999959,3700,70,dd40c,1
360,2022-05-01 10:01:22,2022-05-01 05:01:22,99.17999999999958,3700,70,dd40c,1
361,2022-05-01 10:01:23,2022-05-01 05:01:23,99.16999999999958,3700,70,dd40c,1
362,2022-05-01 10:01:24,2022-05-01 05:01:24,99.15999999999957,3700,70,dd40c,1
363,2022-05-01 10:01:25,2022-05-01 05:01:25,99.14999999999957,3700,70,dd40c,1
364,2022-05-01 10:01:26,2022-05-01 05:01:26,99.13999999999956,3700,70,dd40c,1
365,2022-05-01 10:01:27,2022-05-01 05:01:27,99.12999999999955,3700,70,dd40c,1
366,2022-05-01 10:01:28,2022-05-01 05:01:28,99.11999999999955,3700,70,dd40c,1
367,2022-05-01 10:01:29,2022-05-01 05:01:29,99.10999999999954,3700,70,dd40c,1
368,2022-05-01 10:01:30,2022-05-01 05:01:30,99.09999999999954,3700,70,dd40c,1
369,2022-05-01 10:01:31,2022-05-01 05:01:31,99.08999999999953,3700,70,dd40c,1
370,2022-05-01 10:00:14,2022-05-01 05:00:14,99.85999999999993,3700,70,dd40c,1
371,2022-05-01 10:00:15,2022-05-01 05:00:15,99.84999999999992,3700,70,dd40c,1
372,2022-05-01 10:00:16,2022-05-01 05:00:16,99.83999999999992,3700,70,dd40c,1
373,2022-05-01 10:00:17,2022-05-01 05:00:17,99.82999999999991,3700,70,dd40c,1
374,2022-05-01 10:00:18,2022-05-01 05:00:18,99.81999999999991,3700,70,dd40c,1
375,2022-05-01 10:00:19,2022-05-01 05:00:19,99.8099999999999,3700,70,dd40c,1
376,2022-05-01 10:00:20,2022-05-01 05:00:20,99.7999999999999,3700,70,dd40c,1
377,2022-05-01 10:00:21,2022-05-01 05:00:21,99.78999999999989,3700,70,dd40c,1
378,2022-05-01 10:00:22,2022-05-01 05:00:22,99.77999999999989,3700,70,dd40c,1
379,2022-05-01 10:00:23,2022-05-01 05:00:23,99.76999999999988,3700,70,dd40c,1
380,2022-05-01 10:00:24,2022-05-01 05:00:24,99.75999999999988,3700,70,dd40c,1
381,2022-05-01 10:00:25,2022-05-01 05:00:25,99.74999999999987,3700,70,dd40c,1
382,2022-05-01 10:00:26,2022-05-01 05:00:26,99.73999999999987,3700,70,dd40c,1
383,2022-05-01 10:01:45,2022-05-01 05:01:45,98.94999999999946,3700,70,dd40c,1
384,2022-05-01 10:01:46,2022-05-01 05:01:46,98.93999999999946,3700,70,dd40c,1
385,2022-05-01 10:01:47,2022-05-01 05:01:47,98.92999999999945,3700,70,dd40c,1
386,2022-05-01 10:01:48,2022-05-01 05:01:48,98.91999999999945,3700,70,dd40c,1
387,2022-05-01 10:01:49,2022-05-01 05:01:49,98.90999999999944,3700,70,dd40c,1
388,2022-05-01 10:01:50,2022-05-01 05:01:50,98.89999999999944,3700,70,dd40c,1
389,2022-05-01 10:01:51,2022-05-01 05:01:51,98.88999999999943,3700,70,dd40c,1
390,2022-05-01 10:01:52,2022-05-01 05:01:52,98.87999999999943,3700,70,dd40c,1
391,2022-05-01 10:01:53,2022-05-01 05:01:53,98.86999999999942,3700,70,dd40c,1
392,2022-05-01 10:01:54,2022-05-01 05:01:54,98.85999999999942,3700,70,dd40c,1
393,2022-05-01 10:01:55,2022-05-01 05:01:55,98.84999999999941,3700,70,dd40c,1
394,2022-05-01 10:01:56,2022-05-01 05:01:56,98.8399999999994,3700,70,dd40c,1
395,2022-05-01 10:01:57,2022-05-01 05:01:57,98.8299999999994,3700,70,dd40c,1
396,2022-05-01 10:01:32,2022-05-01 05:01:32,99.07999999999953,3700,70,dd40c,1
397,2022-05-01 10:01:33,2022-05-01 05:01:33,99.06999999999952,3700,70,dd40c,1
398,2022-05-01 10:01:34,2022-05-01 05:01:34,99.05999999999952,3700,70,dd40c,1
399,2022-05-01 10:01:35,2022-05-01 05:01:35,99.04999999999951,3700,70,dd40c,1
400,2022-05-01 10:01:36,2022-05-01 05:01:36,99.03999999999951,3700,70,dd40c,1
401,2022-05-01 10:01:37,2022-05-01 05:01:37,99.0299999999995,3700,70,dd40c,1
402,2022-05-01 10:01:38,2022-05-01 05:01:38,99.0199999999995,3700,70,dd40c,1
403,2022-05-01 10:01:39,2022-05-01 05:01:39,99.0099999999995,3700,70,dd40c,1
404,2022-05-01 10:01:40,2022-05-01 05:01:40,98.99999999999949,3700,70,dd40c,1
405,2022-05-01 10:01:41,2022-05-01 05:01:41,98.98999999999948,3700,70,dd40c,1
406,2022-05-01 10:01:42,2022-05-01 05:01:42,98.97999999999948,3700,70,dd40c,1
407,2022-05-01 10:01:43,2022-05-01 05:01:43,98.96999999999947,3700,70,dd40c,1
408,2022-05-01 10:01:44,2022-05-01 05:01:44,98.95999999999947,3700,70,dd40c,1
409,2022-05-01 10:07:10,2022-05-01 05:07:10,95.6999999999978,3700,70,dd40c,1
410,2022-05-01 10:07:11,2022-05-01 05:07:11,95.6899999999978,3700,70,dd40c,1
411,2022-05-01 10:07:12,2022-05-01 05:07:12,95.67999999999779,3700,70,dd40c,1
412,2022-05-01 10:07:13,2022-05-01 05:07:13,95.66999999999778,3700,70,dd40c,1
413,2022-05-01 10:07:14,2022-05-01 05:07:14,95.65999999999778,3700,70,dd40c,1
414,2022-05-01 10:07:15,2022-05-01 05:07:15,95.64999999999777,3700,70,dd40c,1
415,2022-05-01 10:07:16,2022-05-01 05:07:16,95.63999999999777,3700,70,dd40c,1
416,2022-05-01 10:07:17,2022-05-01 05:07:17,95.62999999999776,3700,70,dd40c,1
417,2022-05-01 10:07:18,2022-05-01 05:07:18,95.61999999999776,3700,70,dd40c,1
418,2022-05-01 10:07:19,2022-05-01 05:07:19,95.60999999999775,3700,70,dd40c,1
419,2022-05-01 10:07:20,2022-05-01 05:07:20,95.59999999999775,3700,70,dd40c,1
420,2022-05-01 10:07:21,2022-05-01 05:07:21,95.58999999999774,3700,70,dd40c,1
421,2022-05-01 10:07:22,2022-05-01 05:07:22,95.57999999999774,3700,70,dd40c,1
422,2022-05-01 10:07:36,2022-05-01 05:07:36,95.43999999999767,3700,70,dd40c,1
423,2022-05-01 10:07:37,2022-05-01 05:07:37,95.42999999999766,3700,70,dd40c,1
424,2022-05-01 10:07:38,2022-05-01 05:07:38,95.41999999999766,3700,70,dd40c,1
425,2022-05-01 10:07:39,2022-05-01 05:07:39,95.40999999999765,3700,70,dd40c,1
426,2022-05-01 10:07:40,2022-05-01 05:07:40,95.39999999999765,3700,70,dd40c,1
427,2022-05-01 10:07:41,2022-05-01 05:07:41,95.38999999999764,3700,70,dd40c,1
428,2022-05-01 10:07:42,2022-05-01 05:07:42,95.37999999999764,3700,70,dd40c,1
429,2022-05-01 10:07:43,2022-05-01 05:07:43,95.36999999999763,3700,70,dd40c,1
430,2022-05-01 10:07:44,2022-05-01 05:07:44,95.35999999999763,3700,70,dd40c,1
431,2022-05-01 10:07:45,2022-05-01 05:07:45,95.34999999999762,3700,70,dd40c,1
432,2022-05-01 10:07:46,2022-05-01 05:07:46,95.33999999999762,3700,70,dd40c,1
433,2022-05-01 10:07:47,2022-05-01 05:07:47,95.32999999999761,3700,70,dd40c,1
434,2022-05-01 10:07:48,2022-05-01 05:07:48,95.3199999999976,3700,70,dd40c,1
435,2022-05-01 10:00:27,2022-05-01 05:00:27,99.72999999999986,3700,70,dd40c,1
436,2022-05-01 10:00:28,2022-05-01 05:00:28,99.71999999999986,3700,70,dd40c,1
437,2022-05-01 10:00:29,2022-05-01 05:00:29,99.70999999999985,3700,70,dd40c,1
438,2022-05-01 10:00:30,2022-05-01 05:00:30,99.69999999999985,3700,70,dd40c,1
439,2022-05-01 10:00:31,2022-05-01 05:00:31,99.68999999999984,3700,70,dd40c,1
440,2022-05-01 10:00:32,2022-05-01 05:00:32,99.67999999999984,3700,70,dd40c,1
441,2022-05-01 10:00:33,2022-05-01 05:00:33,99.66999999999983,3700,70,dd40c,1
442,2022-05-01 10:00:34,2022-05-01 05:00:34,99.65999999999983,3700,70,dd40c,1
443,2022-05-01 10:00:35,2022-05-01 05:00:35,99.64999999999982,3700,70,dd40c,1
444,2022-05-01 10:00:36,2022-05-01 05:00:36,99.63999999999982,3700,70,dd40c,1
445,2022-05-01 10:00:37,2022-05-01 05:00:37,99.62999999999981,3700,70,dd40c,1
446,2022-05-01 10:00:38,2022-05-01 05:00:38,99.6199999999998,3700,70,dd40c,1
447,2022-05-01 10:00:39,2022-05-01 05:00:39,99.6099999999998,3700,70,dd40c,1
448,2022-05-01 10:01:58,2022-05-01 05:01:58,98.8199999999994,3700,70,dd40c,1
449,2022-05-01 10:01:59,2022-05-01 05:01:59,98.80999999999939,3700,70,dd40c,1
450,2022-05-01 10:02:00,2022-05-01 05:02:00,98.79999999999939,3700,70,dd40c,1
451,2022-05-01 10:02:01,2022-05-01 05:02:01,98.78999999999938,3700,70,dd40c,1
452,2022-05-01 10:02:02,2022-05-01 05:02:02,98.77999999999938,3700,70,dd40c,1
453,2022-05-01 10:02:03,2022-05-01 05:02:03,98.76999999999937,3700,70,dd40c,1
454,2022-05-01 10:02:04,2022-05-01 05:02:04,98.75999999999937,3700,70,dd40c,1
455,2022-05-01 10:02:05,2022-05-01 05:02:05,98.74999999999936,3700,70,dd40c,1
456,2022-05-01 10:02:06,2022-05-01 05:02:06,98.73999999999936,3700,70,dd40c,1
457,2022-05-01 10:02:07,2022-05-01 05:02:07,98.72999999999935,3700,70,dd40c,1
458,2022-05-01 10:02:08,2022-05-01 05:02:08,98.71999999999935,3700,70,dd40c,1
459,2022-05-01 10:02:09,2022-05-01 05:02:09,98.70999999999934,3700,70,dd40c,1
460,2022-05-01 10:02:10,2022-05-01 05:02:10,98.69999999999933,3700,70,dd40c,1
461,2022-05-01 10:07:49,2022-05-01 05:07:49,95.3099999999976,3700,70,dd40c,1
462,2022-05-01 10:07:50,2022-05-01 05:07:50,95.2999999999976,3700,70,dd40c,1
463,2022-05-01 10:07:51,2022-05-01 05:07:51,95.28999999999759,3700,70,dd40c,1
464,2022-05-01 10:07:52,2022-05-01 05:07:52,95.27999999999759,3700,70,dd40c,1
465,2022-05-01 10:07:53,2022-05-01 05:07:53,95.26999999999758,3700,70,dd40c,1
466,2022-05-01 10:07:54,2022-05-01 05:07:54,95.25999999999758,3700,70,dd40c,1
467,2022-05-01 10:07:55,2022-05-01 05:07:55,95.24999999999757,3700,70,dd40c,1
468,2022-05-01 10:07:56,2022-05-01 05:07:56,95.23999999999756,3700,70,dd40c,1
469,2022-05-01 10:07:57,2022-05-01 05:07:57,95.22999999999756,3700,70,dd40c,1
470,2022-05-01 10:07:58,2022-05-01 05:07:58,95.21999999999755,3700,70,dd40c,1
471,2022-05-01 10:07:59,2022-05-01 05:07:59,95.20999999999755,3700,70,dd40c,1
472,2022-05-01 10:08:00,2022-05-01 05:08:00,95.19999999999754,3700,70,dd40c,1
473,2022-05-01 10:08:01,2022-05-01 05:08:01,95.18999999999754,3700,70,dd40c,1
474,2022-05-01 10:00:53,2022-05-01 05:00:53,99.46999999999973,3700,70,dd40c,1
475,2022-05-01 10:00:54,2022-05-01 05:00:54,99.45999999999972,3700,70,dd40c,1
476,2022-05-01 10:00:55,2022-05-01 05:00:55,99.44999999999972,3700,70,dd40c,1
477,2022-05-01 10:00:56,2022-05-01 05:00:56,99.43999999999971,3700,70,dd40c,1
478,2022-05-01 10:00:57,2022-05-01 05:00:57,99.42999999999971,3700,70,dd40c,1
479,2022-05-01 10:00:58,2022-05-01 05:00:58,99.4199999999997,3700,70,dd40c,1
480,2022-05-01 10:00:59,2022-05-01 05:00:59,99.4099999999997,3700,70,dd40c,1
481,2022-05-01 10:01:00,2022-05-01 05:01:00,99.3999999999997,3700,70,dd40c,1
482,2022-05-01 10:01:01,2022-05-01 05:01:01,99.38999999999969,3700,70,dd40c,1
483,2022-05-01 10:01:02,2022-05-01 05:01:02,99.37999999999968,3700,70,dd40c,1
484,2022-05-01 10:01:03,2022-05-01 05:01:03,99.36999999999968,3700,70,dd40c,1
485,2022-05-01 10:01:04,2022-05-01 05:01:04,99.35999999999967,3700,70,dd40c,1
486,2022-05-01 10:01:05,2022-05-01 05:01:05,99.34999999999967,3700,70,dd40c,1
487,2022-05-01 10:00:01,2022-05-01 05:00:01,99.99,3700,70,dd40c,1
488,2022-05-01 10:00:02,2022-05-01 05:00:02,99.97999999999999,3700,70,dd40c,1
489,2022-05-01 10:00:03,2022-05-01 05:00:03,99.96999999999998,3700,70,dd40c,1
490,2022-05-01 10:00:04,2022-05-01 05:00:04,99.95999999999998,3700,70,dd40c,1
491,2022-05-01 10:00:05,2022-05-01 05:00:05,99.94999999999997,3700,70,dd40c,1
492,2022-05-01 10:00:06,2022-05-01 05:00:06,99.93999999999997,3700,70,dd40c,1
493,2022-05-01 10:00:07,2022-05-01 05:00:07,99.92999999999996,3700,70,dd40c,1
494,2022-05-01 10:00:08,2022-05-01 05:00:08,99.91999999999996,3700,70,dd40c,1
495,2022-05-01 10:00:09,2022-05-01 05:00:09,99.90999999999995,3700,70,dd40c,1
496,2022-05-01 10:00:10,2022-05-01 05:00:10,99.89999999999995,3700,70,dd40c,1
497,2022-05-01 10:00:11,2022-05-01 05:00:11,99.88999999999994,3700,70,dd40c,1
498,2022-05-01 10:00:12,2022-05-01 05:00:12,99.87999999999994,3700,70,dd40c,1
499,2022-05-01 10:00:13,2022-05-01 05:00:13,99.86999999999993,3700,70,dd40c,1
